timestamp,Open,High,Low,Close,Volume
2024-12-07 17:00:00,0.02977,0.02985,0.02933,0.02943,10439403.0
2024-12-07 18:00:00,0.02944,0.02983,0.02942,0.02977,6507740.0
2024-12-07 19:00:00,0.02977,0.02994,0.02936,0.02936,22029470.0
2024-12-07 20:00:00,0.02937,0.02946,0.0293,0.02933,7950593.0
2024-12-07 21:00:00,0.02934,0.0295,0.0292,0.02922,12023276.0
2024-12-07 22:00:00,0.02923,0.02939,0.02907,0.02918,6327590.0
2024-12-07 23:00:00,0.02917,0.0296,0.02913,0.02935,5927821.0
2024-12-08 00:00:00,0.02934,0.02975,0.02925,0.02972,7567582.0
2024-12-08 01:00:00,0.02971,0.03012,0.02961,0.02966,17459340.0
2024-12-08 02:00:00,0.02965,0.03014,0.02962,0.02996,14555872.0
2024-12-08 03:00:00,0.02997,0.03038,0.02996,0.03006,16523655.0
2024-12-08 04:00:00,0.03005,0.03006,0.02944,0.02945,9171861.0
2024-12-08 05:00:00,0.02943,0.02956,0.0292,0.02932,5352373.0
2024-12-08 06:00:00,0.02932,0.02965,0.0291,0.02965,4414453.0
2024-12-08 07:00:00,0.02965,0.0297,0.02943,0.02943,5582607.0
2024-12-08 08:00:00,0.02942,0.02946,0.02884,0.02886,14116430.0
2024-12-08 09:00:00,0.02887,0.0292,0.02864,0.02888,12386480.0
2024-12-08 10:00:00,0.02888,0.02936,0.02886,0.02925,6757021.0
2024-12-08 11:00:00,0.02924,0.02955,0.0291,0.02947,7831398.0
2024-12-08 12:00:00,0.02945,0.02957,0.02914,0.02949,9251327.0
2024-12-08 13:00:00,0.02949,0.02964,0.02942,0.02945,8343135.0
2024-12-08 14:00:00,0.02944,0.02966,0.02925,0.0293,10734943.0
2024-12-08 15:00:00,0.02931,0.02978,0.02906,0.02973,13254997.0
2024-12-08 16:00:00,0.02973,0.02981,0.02938,0.02943,9243172.0
2024-12-08 17:00:00,0.02943,0.02949,0.02914,0.02937,8749471.0
2024-12-08 18:00:00,0.02938,0.02945,0.02892,0.02896,8915171.0
2024-12-08 19:00:00,0.02898,0.02927,0.0289,0.02925,4514806.0
2024-12-08 20:00:00,0.02927,0.02927,0.02902,0.02905,5417411.0
2024-12-08 21:00:00,0.02905,0.02933,0.02898,0.02918,10449421.0
2024-12-08 22:00:00,0.02918,0.02957,0.0291,0.02953,5658138.0
2024-12-08 23:00:00,0.02954,0.02964,0.02938,0.02954,5293078.0
2024-12-09 00:00:00,0.02955,0.02957,0.0289,0.02902,7777736.0
2024-12-09 01:00:00,0.02901,0.02928,0.0287,0.02877,7499829.0
2024-12-09 02:00:00,0.02876,0.02898,0.02852,0.02863,7058527.0
2024-12-09 03:00:00,0.02864,0.0288,0.02784,0.02821,19676517.0
2024-12-09 04:00:00,0.0282,0.02838,0.02796,0.02837,11239932.0
2024-12-09 05:00:00,0.02837,0.02854,0.02835,0.02846,10193530.0
2024-12-09 06:00:00,0.02847,0.02847,0.0279,0.02802,12058429.0
2024-12-09 07:00:00,0.028,0.02806,0.02753,0.0279,17375456.0
2024-12-09 08:00:00,0.0279,0.0279,0.02703,0.0271,15213591.0
2024-12-09 09:00:00,0.02708,0.02741,0.02665,0.02705,18480663.0
2024-12-09 10:00:00,0.02706,0.02738,0.02695,0.02737,9970904.0
2024-12-09 11:00:00,0.02737,0.02738,0.02665,0.02678,12289012.0
2024-12-09 12:00:00,0.02677,0.02712,0.02652,0.02703,14404196.0
2024-12-09 13:00:00,0.02702,0.02752,0.02691,0.02737,8813072.0
2024-12-09 14:00:00,0.02741,0.02771,0.02715,0.02765,13980758.0
2024-12-09 15:00:00,0.02765,0.02769,0.02676,0.02689,17859038.0
2024-12-09 16:00:00,0.02694,0.02818,0.02683,0.02726,49834081.0
2024-12-09 17:00:00,0.02725,0.02745,0.02696,0.02696,12338331.0
2024-12-09 18:00:00,0.02696,0.0272,0.02693,0.02712,7589029.0
2024-12-09 19:00:00,0.02712,0.02719,0.02683,0.02687,11537307.0
2024-12-09 20:00:00,0.02684,0.02693,0.0244,0.02467,88409570.0
2024-12-09 21:00:00,0.02465,0.02479,0.02,0.02313,162013806.0
2024-12-09 22:00:00,0.02311,0.02323,0.02095,0.02286,106686077.0
2024-12-09 23:00:00,0.02286,0.02355,0.02268,0.02341,20359582.0
2024-12-10 00:00:00,0.0234,0.024,0.02285,0.0238,22784978.0
2024-12-10 01:00:00,0.02381,0.0239,0.02339,0.02376,20949966.0
2024-12-10 02:00:00,0.02375,0.02377,0.02276,0.02281,16266815.0
2024-12-10 03:00:00,0.02278,0.023,0.022,0.02291,40529278.0
2024-12-10 04:00:00,0.02292,0.02325,0.02238,0.02324,17512087.0
2024-12-10 05:00:00,0.02324,0.02338,0.02304,0.02332,12839136.0
2024-12-10 06:00:00,0.0233,0.02381,0.02317,0.02361,15240031.0
2024-12-10 07:00:00,0.02364,0.02364,0.02319,0.02339,14436614.0
2024-12-10 08:00:00,0.02338,0.02338,0.02293,0.02331,25845187.0
2024-12-10 09:00:00,0.02332,0.02358,0.023,0.02316,15566585.0
2024-12-10 10:00:00,0.02317,0.02351,0.02317,0.02328,11840949.0
2024-12-10 11:00:00,0.02327,0.02333,0.023,0.02318,12695074.0
2024-12-10 12:00:00,0.02317,0.02323,0.0222,0.02234,25612954.0
2024-12-10 13:00:00,0.02234,0.02272,0.02224,0.02237,27510631.0
2024-12-10 14:00:00,0.02239,0.0229,0.02235,0.02243,18109713.0
2024-12-10 15:00:00,0.02247,0.02248,0.02103,0.02105,66332072.0
2024-12-10 16:00:00,0.02107,0.02193,0.02081,0.02185,52903832.0
2024-12-10 17:00:00,0.02183,0.02185,0.02023,0.02066,36902666.0
2024-12-10 18:00:00,0.02065,0.02137,0.02053,0.02109,38665379.0
2024-12-10 19:00:00,0.02109,0.02168,0.02108,0.02166,16935543.0
2024-12-10 20:00:00,0.02163,0.02194,0.02149,0.02191,18438476.0
2024-12-10 21:00:00,0.02191,0.02244,0.02188,0.02226,16843856.0
2024-12-10 22:00:00,0.02228,0.02248,0.02225,0.02233,12455157.0
2024-12-10 23:00:00,0.0223,0.02252,0.02218,0.02222,15103156.0
2024-12-11 00:00:00,0.02223,0.02227,0.02158,0.02192,10629552.0
2024-12-11 01:00:00,0.02192,0.02194,0.0213,0.02137,17211279.0
2024-12-11 02:00:00,0.02138,0.02253,0.02128,0.02243,20485758.0
2024-12-11 03:00:00,0.02242,0.02274,0.02239,0.0225,7400837.0
2024-12-11 04:00:00,0.02252,0.02266,0.02234,0.02249,8073679.0
2024-12-11 05:00:00,0.02248,0.02259,0.02221,0.02236,4735439.0
2024-12-11 06:00:00,0.02236,0.0226,0.02224,0.02249,5816085.0
2024-12-11 07:00:00,0.0225,0.02263,0.02226,0.02226,9672819.0
2024-12-11 08:00:00,0.02229,0.02333,0.02229,0.02323,46227136.0
2024-12-11 09:00:00,0.02326,0.02362,0.0231,0.02358,16509807.0
2024-12-11 10:00:00,0.02357,0.0236,0.02324,0.02331,10341616.0
2024-12-11 11:00:00,0.02331,0.02358,0.0232,0.02339,10502959.0
2024-12-11 12:00:00,0.02339,0.02369,0.02339,0.02357,11021212.0
2024-12-11 13:00:00,0.02355,0.02406,0.02349,0.02368,29967647.0
2024-12-11 14:00:00,0.02367,0.02403,0.02356,0.02397,25770482.0
2024-12-11 15:00:00,0.02398,0.02432,0.02396,0.02411,19794631.0
2024-12-11 16:00:00,0.02412,0.02438,0.02404,0.02411,14456872.0
2024-12-11 17:00:00,0.02409,0.02428,0.02375,0.02377,11672570.0
2024-12-11 18:00:00,0.02378,0.02412,0.02375,0.02405,8354271.0
2024-12-11 19:00:00,0.02406,0.02417,0.02398,0.02415,4688476.0
2024-12-11 20:00:00,0.02416,0.02431,0.02398,0.02409,6768671.0
2024-12-11 21:00:00,0.02406,0.02418,0.02401,0.02418,4512135.0
2024-12-11 22:00:00,0.02417,0.0244,0.02416,0.02429,4863338.0
2024-12-11 23:00:00,0.02431,0.02443,0.02424,0.02428,4438357.0
2024-12-12 00:00:00,0.02428,0.02432,0.02385,0.02403,7963805.0
2024-12-12 01:00:00,0.02403,0.02438,0.02398,0.02414,7834296.0
2024-12-12 02:00:00,0.02413,0.02497,0.0241,0.02491,9862319.0
2024-12-12 03:00:00,0.0249,0.02507,0.0247,0.0248,12758334.0
2024-12-12 04:00:00,0.02481,0.02497,0.02463,0.02478,6538554.0
2024-12-12 05:00:00,0.02478,0.02517,0.0247,0.02498,13992364.0
2024-12-12 06:00:00,0.02495,0.0251,0.02486,0.02502,9711237.0
2024-12-12 07:00:00,0.02503,0.02526,0.02489,0.02492,8059954.0
2024-12-12 08:00:00,0.02493,0.02535,0.02492,0.02519,13147658.0
2024-12-12 09:00:00,0.02519,0.02537,0.02485,0.02488,13275338.0
2024-12-12 10:00:00,0.02488,0.02489,0.02442,0.02453,18510114.0
2024-12-12 11:00:00,0.02453,0.02454,0.02425,0.0245,10640366.0
2024-12-12 12:00:00,0.02451,0.02503,0.02449,0.02498,9503799.0
2024-12-12 13:00:00,0.02499,0.0252,0.02453,0.02483,23553802.0
2024-12-12 14:00:00,0.02483,0.0251,0.02467,0.02509,14858901.0
2024-12-12 15:00:00,0.02508,0.0253,0.02468,0.02479,15482013.0
2024-12-12 16:00:00,0.0248,0.02557,0.0248,0.02538,31867829.0
2024-12-12 17:00:00,0.02538,0.0256,0.02532,0.02553,10512014.0
2024-12-12 18:00:00,0.02553,0.02563,0.02508,0.02513,10005068.0
2024-12-12 19:00:00,0.02515,0.02532,0.02442,0.02447,22466093.0
2024-12-12 20:00:00,0.02447,0.02489,0.02444,0.02477,12425812.0
2024-12-12 21:00:00,0.02478,0.02483,0.02452,0.02454,5898380.0
2024-12-12 22:00:00,0.02454,0.02493,0.02419,0.02471,24958718.0
2024-12-12 23:00:00,0.02471,0.02482,0.02448,0.0248,5554237.0
2024-12-13 00:00:00,0.02481,0.02516,0.02475,0.02494,4997698.0
2024-12-13 01:00:00,0.02493,0.02493,0.02426,0.02471,11582306.0
2024-12-13 02:00:00,0.02471,0.02515,0.02457,0.02493,3967939.0
2024-12-13 03:00:00,0.02492,0.025,0.02475,0.02486,3728578.0
2024-12-13 04:00:00,0.02488,0.02493,0.02451,0.02465,6134875.0
2024-12-13 05:00:00,0.02463,0.02483,0.02449,0.02453,5372650.0
2024-12-13 06:00:00,0.02451,0.02463,0.024,0.02405,11388695.0
2024-12-13 07:00:00,0.02406,0.02437,0.02385,0.02425,15081469.0
2024-12-13 08:00:00,0.02426,0.02456,0.02417,0.02456,4150206.0
2024-12-13 09:00:00,0.02455,0.02465,0.0242,0.02432,5821958.0
2024-12-13 10:00:00,0.02432,0.02437,0.02396,0.02434,11615677.0
2024-12-13 11:00:00,0.02434,0.02478,0.0243,0.02436,13060765.0
2024-12-13 12:00:00,0.02438,0.02466,0.02437,0.02455,9353256.0
2024-12-13 13:00:00,0.02457,0.0246,0.02419,0.02442,7167612.0
2024-12-13 14:00:00,0.02445,0.02478,0.02413,0.02476,15499647.0
2024-12-13 15:00:00,0.02477,0.02489,0.02418,0.02428,14328750.0
2024-12-13 16:00:00,0.02422,0.02467,0.02413,0.02439,11972323.0
2024-12-13 17:00:00,0.02437,0.02451,0.02412,0.0244,8880934.0
2024-12-13 18:00:00,0.0244,0.0245,0.02419,0.02426,8127045.0
2024-12-13 19:00:00,0.02428,0.0244,0.02418,0.02439,6465361.0
2024-12-13 20:00:00,0.0244,0.0247,0.0244,0.02461,5423021.0
2024-12-13 21:00:00,0.0246,0.02462,0.02441,0.02441,5394320.0
2024-12-13 22:00:00,0.02442,0.02445,0.02414,0.02427,4384316.0
2024-12-13 23:00:00,0.02425,0.02453,0.02422,0.02452,4426854.0
2024-12-14 00:00:00,0.02452,0.02475,0.02442,0.02461,3232367.0
2024-12-14 01:00:00,0.0246,0.02495,0.0246,0.02486,7303884.0
2024-12-14 02:00:00,0.02486,0.02486,0.0245,0.0245,2678832.0
2024-12-14 03:00:00,0.02451,0.02458,0.02444,0.02447,1913887.0
2024-12-14 04:00:00,0.02446,0.02452,0.0243,0.0245,2316822.0
2024-12-14 05:00:00,0.02448,0.02462,0.02431,0.02451,4420125.0
2024-12-14 06:00:00,0.02451,0.02471,0.0245,0.02462,2214401.0
2024-12-14 07:00:00,0.0246,0.0246,0.02432,0.02438,3233772.0
2024-12-14 08:00:00,0.02441,0.02464,0.02438,0.02456,5050937.0
2024-12-14 09:00:00,0.02455,0.02455,0.02423,0.02425,5298149.0
2024-12-14 10:00:00,0.02426,0.02455,0.02404,0.02449,12983929.0
2024-12-14 11:00:00,0.02448,0.02448,0.02418,0.02418,5180198.0
2024-12-14 12:00:00,0.02418,0.02429,0.02369,0.0237,18253334.0
2024-12-14 13:00:00,0.02372,0.02381,0.0231,0.02335,23251333.0
2024-12-14 14:00:00,0.02335,0.02375,0.02334,0.02368,5906231.0
2024-12-14 15:00:00,0.02363,0.02372,0.02347,0.02352,11740049.0
2024-12-14 16:00:00,0.0235,0.02355,0.02313,0.02353,10226608.0
2024-12-14 17:00:00,0.02354,0.0236,0.02311,0.02314,11069307.0
2024-12-14 18:00:00,0.02313,0.02333,0.02275,0.02284,28456077.0
2024-12-14 19:00:00,0.02283,0.02322,0.02283,0.02315,18584436.0
2024-12-14 20:00:00,0.02316,0.02326,0.02284,0.02285,7020848.0
2024-12-14 21:00:00,0.02285,0.02323,0.02285,0.02306,8436825.0
2024-12-14 22:00:00,0.02306,0.02327,0.02298,0.02321,6316958.0
2024-12-14 23:00:00,0.02322,0.02334,0.02314,0.0232,4765568.0
2024-12-15 00:00:00,0.02319,0.02331,0.023,0.02314,3963666.0
2024-12-15 01:00:00,0.02312,0.02356,0.02312,0.02355,3272750.0
2024-12-15 02:00:00,0.02356,0.02359,0.02337,0.02338,2899302.0
2024-12-15 03:00:00,0.02339,0.02342,0.02304,0.02304,2188783.0
2024-12-15 04:00:00,0.02306,0.0235,0.02303,0.0233,6729423.0
2024-12-15 05:00:00,0.02331,0.02343,0.02324,0.02329,2956021.0
2024-12-15 06:00:00,0.02328,0.02331,0.02291,0.02292,7514793.0
2024-12-15 07:00:00,0.02292,0.02298,0.02255,0.02271,10451747.0
2024-12-15 08:00:00,0.0227,0.02321,0.02269,0.0232,17328329.0
2024-12-15 09:00:00,0.02319,0.02353,0.02305,0.02346,5253305.0
2024-12-15 10:00:00,0.02348,0.02396,0.02338,0.02353,23858625.0
2024-12-15 11:00:00,0.02352,0.02358,0.02333,0.02342,9077647.0
2024-12-15 12:00:00,0.02342,0.02361,0.02323,0.02356,8660443.0
2024-12-15 13:00:00,0.02358,0.02392,0.02342,0.0239,8682116.0
2024-12-15 14:00:00,0.02391,0.02398,0.02382,0.0239,10709911.0
2024-12-15 15:00:00,0.0239,0.024,0.02364,0.0239,20949354.0
2024-12-15 16:00:00,0.02389,0.02398,0.02377,0.02386,5723711.0
2024-12-15 17:00:00,0.02386,0.02393,0.02355,0.02365,10142165.0
2024-12-15 18:00:00,0.02366,0.02377,0.02353,0.02374,7563152.0
2024-12-15 19:00:00,0.02375,0.02384,0.02368,0.0237,6690655.0
2024-12-15 20:00:00,0.02371,0.02383,0.02364,0.02369,3737116.0
2024-12-15 21:00:00,0.02367,0.02369,0.02307,0.02307,10063162.0
2024-12-15 22:00:00,0.02307,0.02348,0.02292,0.02344,6787435.0
2024-12-15 23:00:00,0.02344,0.0241,0.02343,0.02405,26512731.0
2024-12-16 00:00:00,0.02406,0.02451,0.02399,0.02451,13640766.0
2024-12-16 01:00:00,0.02449,0.0245,0.02409,0.02414,10794721.0
2024-12-16 02:00:00,0.02416,0.02418,0.02373,0.02373,13050539.0
2024-12-16 03:00:00,0.02372,0.02381,0.02339,0.02344,14421807.0
2024-12-16 04:00:00,0.02345,0.02359,0.02333,0.02353,16356467.0
2024-12-16 05:00:00,0.02352,0.02363,0.02338,0.02357,3915193.0
2024-12-16 06:00:00,0.02356,0.02363,0.02314,0.02318,7785014.0
2024-12-16 07:00:00,0.02318,0.0235,0.02315,0.02342,9292152.0
2024-12-16 08:00:00,0.02342,0.02348,0.02311,0.02314,4685582.0
2024-12-16 09:00:00,0.02314,0.02323,0.02294,0.02294,7519105.0
2024-12-16 10:00:00,0.02295,0.02299,0.02275,0.02294,10027319.0
2024-12-16 11:00:00,0.02292,0.02302,0.02244,0.02252,20593385.0
2024-12-16 12:00:00,0.0225,0.02269,0.0225,0.02255,8147263.0
2024-12-16 13:00:00,0.02255,0.02286,0.02247,0.02271,6596772.0
2024-12-16 14:00:00,0.02271,0.02311,0.02271,0.02285,6408474.0
2024-12-16 15:00:00,0.02283,0.02308,0.02274,0.023,4958527.0
2024-12-16 16:00:00,0.02297,0.02339,0.02292,0.02308,11252936.0
2024-12-16 17:00:00,0.02309,0.02437,0.02301,0.02379,68610150.0
2024-12-16 18:00:00,0.02377,0.02393,0.02346,0.02391,31177665.0
2024-12-16 19:00:00,0.02391,0.02391,0.02356,0.02365,6047872.0
2024-12-16 20:00:00,0.02366,0.02392,0.02355,0.02359,7003829.0
2024-12-16 21:00:00,0.0236,0.02378,0.02349,0.02373,5788664.0
2024-12-16 22:00:00,0.02374,0.02385,0.02348,0.02355,5916914.0
2024-12-16 23:00:00,0.02353,0.0236,0.02328,0.02331,3707489.0
2024-12-17 00:00:00,0.02332,0.02335,0.02279,0.02283,13626843.0
2024-12-17 01:00:00,0.02284,0.02321,0.02282,0.02313,7092667.0
2024-12-17 02:00:00,0.02312,0.02345,0.02312,0.02322,5096895.0
2024-12-17 03:00:00,0.02321,0.02343,0.02321,0.02341,4700191.0
2024-12-17 04:00:00,0.02339,0.02339,0.02291,0.02299,9659572.0
2024-12-17 05:00:00,0.023,0.02319,0.02291,0.02311,6849815.0
2024-12-17 06:00:00,0.02311,0.02332,0.02284,0.02294,22224088.0
2024-12-17 07:00:00,0.02294,0.02315,0.02273,0.02281,18304373.0
2024-12-17 08:00:00,0.0228,0.02298,0.02276,0.02278,5876229.0
2024-12-17 09:00:00,0.02278,0.02325,0.02265,0.02315,9605505.0
2024-12-17 10:00:00,0.02314,0.02314,0.02293,0.02303,4850254.0
2024-12-17 11:00:00,0.02303,0.02325,0.02293,0.02314,9286820.0
2024-12-17 12:00:00,0.02314,0.0234,0.02303,0.0232,7005781.0
2024-12-17 13:00:00,0.02321,0.0234,0.02301,0.02305,8321004.0
2024-12-17 14:00:00,0.02306,0.02308,0.02264,0.02293,11794586.0
2024-12-17 15:00:00,0.02292,0.02295,0.02218,0.02241,23932429.0
2024-12-17 16:00:00,0.0224,0.02261,0.0221,0.02259,11491556.0
2024-12-17 17:00:00,0.02259,0.023,0.02255,0.02298,4580876.0
2024-12-17 18:00:00,0.02297,0.02297,0.0224,0.02248,10520777.0
2024-12-17 19:00:00,0.0225,0.02265,0.02238,0.0226,5843599.0
2024-12-17 20:00:00,0.02261,0.02279,0.0226,0.02269,4492809.0
2024-12-17 21:00:00,0.02268,0.02269,0.02237,0.02238,6238945.0
2024-12-17 22:00:00,0.02237,0.02241,0.02188,0.02204,11347822.0
2024-12-17 23:00:00,0.02203,0.02208,0.02165,0.02198,24376576.0
2024-12-18 00:00:00,0.02202,0.02209,0.0215,0.02182,9366999.0
2024-12-18 01:00:00,0.02181,0.02206,0.02156,0.02164,8946806.0
2024-12-18 02:00:00,0.02162,0.02178,0.02146,0.02178,13497646.0
2024-12-18 03:00:00,0.02176,0.02183,0.02148,0.02155,14944976.0
2024-12-18 04:00:00,0.02154,0.0216,0.02116,0.02148,14281591.0
2024-12-18 05:00:00,0.02147,0.02165,0.02113,0.02146,14895889.0
2024-12-18 06:00:00,0.02146,0.02168,0.0212,0.02142,22014068.0
2024-12-18 07:00:00,0.02142,0.0216,0.02136,0.02147,5981346.0
2024-12-18 08:00:00,0.02146,0.02158,0.02134,0.02148,5318482.0
2024-12-18 09:00:00,0.02148,0.02182,0.02147,0.02175,10395649.0
2024-12-18 10:00:00,0.02175,0.02184,0.02159,0.02174,6201117.0
2024-12-18 11:00:00,0.02173,0.02182,0.02161,0.02165,7605407.0
2024-12-18 12:00:00,0.02166,0.02168,0.02112,0.02127,12211413.0
2024-12-18 13:00:00,0.02128,0.02144,0.02116,0.02129,5009176.0
2024-12-18 14:00:00,0.0213,0.02148,0.02123,0.02129,5177165.0
2024-12-18 15:00:00,0.02128,0.02163,0.02113,0.02138,13898041.0
2024-12-18 16:00:00,0.02137,0.02157,0.02125,0.02143,5091137.0
2024-12-18 17:00:00,0.02141,0.02162,0.02111,0.0215,7447537.0
2024-12-18 18:00:00,0.02152,0.02182,0.02142,0.0218,6106152.0
2024-12-18 19:00:00,0.0218,0.02187,0.02085,0.02085,21322190.0
2024-12-18 20:00:00,0.02085,0.02106,0.0192,0.01991,128482609.0
2024-12-18 21:00:00,0.01991,0.02037,0.0196,0.02023,26130525.0
2024-12-18 22:00:00,0.02022,0.02034,0.01996,0.02008,8325630.0
2024-12-18 23:00:00,0.02011,0.02023,0.01974,0.01988,17673594.0
2024-12-19 00:00:00,0.01986,0.02012,0.01954,0.01995,28931893.0
2024-12-19 01:00:00,0.01996,0.02001,0.01937,0.01949,11462637.0
2024-12-19 02:00:00,0.01951,0.01969,0.01867,0.01968,42570716.0
2024-12-19 03:00:00,0.01968,0.02018,0.01968,0.02016,12734233.0
2024-12-19 04:00:00,0.02015,0.02022,0.01997,0.01998,5215799.0
2024-12-19 05:00:00,0.01999,0.02014,0.01993,0.02008,8403180.0
2024-12-19 06:00:00,0.02008,0.0201,0.01991,0.01997,4467296.0
2024-12-19 07:00:00,0.01999,0.02012,0.01991,0.01998,6053564.0
2024-12-19 08:00:00,0.01999,0.01999,0.01971,0.01978,8746668.0
2024-12-19 09:00:00,0.0198,0.02004,0.01978,0.01997,5346255.0
2024-12-19 10:00:00,0.01999,0.0204,0.0199,0.0203,6308249.0
2024-12-19 11:00:00,0.02031,0.02034,0.02014,0.0203,5006895.0
2024-12-19 12:00:00,0.02028,0.02034,0.01981,0.01986,6144549.0
2024-12-19 13:00:00,0.01987,0.02009,0.01978,0.01996,8041090.0
2024-12-19 14:00:00,0.01997,0.02027,0.01979,0.01983,5722338.0
2024-12-19 15:00:00,0.01983,0.01983,0.01929,0.01962,24508631.0
2024-12-19 16:00:00,0.01961,0.01983,0.01936,0.01977,10991269.0
2024-12-19 17:00:00,0.01978,0.01979,0.01841,0.0189,46537292.0
2024-12-19 18:00:00,0.01889,0.01893,0.01811,0.01888,62929931.0
2024-12-19 19:00:00,0.01888,0.01902,0.01809,0.01843,32558066.0
2024-12-19 20:00:00,0.01846,0.01862,0.01781,0.01848,32508964.0
2024-12-19 21:00:00,0.01847,0.01933,0.01838,0.01907,16562460.0
2024-12-19 22:00:00,0.01906,0.01926,0.01899,0.01907,9371742.0
2024-12-19 23:00:00,0.01907,0.01907,0.01872,0.01872,5233490.0
2024-12-20 00:00:00,0.01873,0.01911,0.01849,0.01901,8702600.0
2024-12-20 01:00:00,0.01902,0.01917,0.01888,0.01899,6265724.0
2024-12-20 02:00:00,0.01901,0.01952,0.019,0.01934,8758628.0
2024-12-20 03:00:00,0.01935,0.01938,0.01906,0.01908,6247991.0
2024-12-20 04:00:00,0.01911,0.01922,0.01895,0.01898,4736134.0
2024-12-20 05:00:00,0.01899,0.01904,0.01869,0.0187,8563077.0
2024-12-20 06:00:00,0.0187,0.01888,0.01828,0.01847,10749039.0
2024-12-20 07:00:00,0.01849,0.01898,0.01847,0.01867,7418870.0
2024-12-20 08:00:00,0.01866,0.0187,0.01735,0.0175,33911017.0
2024-12-20 09:00:00,0.01749,0.01776,0.0172,0.01732,42411775.0
2024-12-20 10:00:00,0.01731,0.01751,0.0169,0.01708,55133825.0
2024-12-20 11:00:00,0.01708,0.0173,0.01631,0.01638,70629444.0
2024-12-20 12:00:00,0.01639,0.01746,0.01636,0.0173,30066794.0
2024-12-20 13:00:00,0.0173,0.01782,0.01717,0.01778,37180796.0
2024-12-20 14:00:00,0.0178,0.01796,0.01762,0.01785,15098969.0
2024-12-20 15:00:00,0.01785,0.0183,0.01784,0.01817,16193134.0
2024-12-20 16:00:00,0.01817,0.01863,0.01805,0.01839,22428538.0
2024-12-20 17:00:00,0.01839,0.01877,0.01832,0.01874,7659575.0
2024-12-20 18:00:00,0.01872,0.01881,0.0186,0.01874,4747174.0
2024-12-20 19:00:00,0.01873,0.01927,0.01873,0.01911,7174970.0
2024-12-20 20:00:00,0.01912,0.01913,0.01889,0.01891,6530440.0
2024-12-20 21:00:00,0.01891,0.019,0.01864,0.01896,9901451.0
2024-12-20 22:00:00,0.01895,0.01934,0.01889,0.01924,8441570.0
2024-12-20 23:00:00,0.01926,0.01937,0.0191,0.01918,7289625.0
2024-12-21 00:00:00,0.01914,0.01936,0.01913,0.01921,4505126.0
2024-12-21 01:00:00,0.0192,0.01948,0.0192,0.0193,8762440.0
2024-12-21 02:00:00,0.0193,0.01938,0.01917,0.01922,5864335.0
2024-12-21 03:00:00,0.01928,0.01931,0.0191,0.01919,6447528.0
2024-12-21 04:00:00,0.0192,0.01936,0.01916,0.01932,18789332.0
2024-12-21 05:00:00,0.01933,0.01989,0.01932,0.01989,11781319.0
2024-12-21 06:00:00,0.01988,0.01993,0.01969,0.01988,14287224.0
2024-12-21 07:00:00,0.01988,0.02016,0.01981,0.01994,18208785.0
2024-12-21 08:00:00,0.01994,0.01999,0.01946,0.01947,16644097.0
2024-12-21 09:00:00,0.01949,0.01954,0.01931,0.01944,13055035.0
2024-12-21 10:00:00,0.01945,0.01963,0.01939,0.01949,4405699.0
2024-12-21 11:00:00,0.01949,0.01982,0.01923,0.01961,23916826.0
2024-12-21 12:00:00,0.0196,0.01962,0.019,0.01901,8504672.0
2024-12-21 13:00:00,0.01901,0.01915,0.01848,0.01886,28073303.0
2024-12-21 14:00:00,0.01883,0.01904,0.01862,0.01862,10822922.0
2024-12-21 15:00:00,0.01863,0.01887,0.01863,0.01877,5715687.0
2024-12-21 16:00:00,0.01878,0.01878,0.01836,0.01841,12282346.0
2024-12-21 17:00:00,0.01839,0.01852,0.01814,0.01836,11456186.0
2024-12-21 18:00:00,0.01837,0.01844,0.01808,0.01815,6162648.0
2024-12-21 19:00:00,0.01815,0.01816,0.01785,0.0181,7599203.0
2024-12-21 20:00:00,0.01812,0.0185,0.01803,0.01821,10439089.0
2024-12-21 21:00:00,0.01822,0.01828,0.01791,0.018,7326257.0
2024-12-21 22:00:00,0.01799,0.01814,0.0178,0.01806,4711034.0
2024-12-21 23:00:00,0.01805,0.01815,0.0178,0.01809,2979340.0
2024-12-22 00:00:00,0.01813,0.01839,0.01795,0.01826,7362572.0
2024-12-22 01:00:00,0.01824,0.01841,0.01805,0.01828,3042017.0
2024-12-22 02:00:00,0.01827,0.01832,0.01801,0.01809,2354001.0
2024-12-22 03:00:00,0.01808,0.01827,0.01786,0.01819,3898739.0
2024-12-22 04:00:00,0.0182,0.01827,0.0179,0.0179,5165249.0
2024-12-22 05:00:00,0.0179,0.01813,0.01778,0.01804,17737738.0
2024-12-22 06:00:00,0.01807,0.01822,0.018,0.01818,2735241.0
2024-12-22 07:00:00,0.01818,0.01822,0.01798,0.01812,4568369.0
2024-12-22 08:00:00,0.01815,0.01869,0.01815,0.01858,11211476.0
2024-12-22 09:00:00,0.01857,0.01878,0.01844,0.0186,6923404.0
2024-12-22 10:00:00,0.0186,0.01875,0.01856,0.01857,13438417.0
2024-12-22 11:00:00,0.01858,0.01873,0.01849,0.01855,4908192.0
2024-12-22 12:00:00,0.01856,0.01878,0.01845,0.0186,9790113.0
2024-12-22 13:00:00,0.01861,0.01887,0.0185,0.01874,9554047.0
2024-12-22 14:00:00,0.01873,0.0188,0.01807,0.01811,14659191.0
2024-12-22 15:00:00,0.01812,0.01833,0.01812,0.01822,7388458.0
2024-12-22 16:00:00,0.01822,0.01856,0.01803,0.01847,7976282.0
2024-12-22 17:00:00,0.01845,0.01848,0.01829,0.01832,6112526.0
2024-12-22 18:00:00,0.01833,0.0185,0.01823,0.0183,4369272.0
2024-12-22 19:00:00,0.01829,0.01832,0.01776,0.01782,9013606.0
2024-12-22 20:00:00,0.01784,0.01814,0.01764,0.01812,8481471.0
2024-12-22 21:00:00,0.01812,0.01839,0.01803,0.01823,5753229.0
2024-12-22 22:00:00,0.01821,0.01825,0.01791,0.01824,9578800.0
2024-12-22 23:00:00,0.01825,0.01847,0.01806,0.01812,3781518.0
2024-12-23 00:00:00,0.01811,0.01811,0.01784,0.01798,5815032.0
2024-12-23 01:00:00,0.01797,0.01824,0.01774,0.01804,14716653.0
2024-12-23 02:00:00,0.01805,0.0182,0.01787,0.01818,11985921.0
2024-12-23 03:00:00,0.01818,0.01882,0.01811,0.01877,8729184.0
2024-12-23 04:00:00,0.01878,0.01889,0.0186,0.01863,7562716.0
2024-12-23 05:00:00,0.01863,0.0187,0.0184,0.01844,11755426.0
2024-12-23 06:00:00,0.01845,0.01848,0.01807,0.01813,11242301.0
2024-12-23 07:00:00,0.01814,0.01858,0.01814,0.01849,26086603.0
2024-12-23 08:00:00,0.01851,0.0186,0.01835,0.01859,17922284.0
2024-12-23 09:00:00,0.01859,0.01878,0.01855,0.01861,17854460.0
2024-12-23 10:00:00,0.01865,0.01873,0.01848,0.01864,8812581.0
2024-12-23 11:00:00,0.01863,0.01866,0.01847,0.01855,5189670.0
2024-12-23 12:00:00,0.01854,0.0188,0.0185,0.01877,8303262.0
2024-12-23 13:00:00,0.01878,0.01927,0.01863,0.01876,44966109.0
2024-12-23 14:00:00,0.01876,0.01892,0.0184,0.01855,16142645.0
2024-12-23 15:00:00,0.01852,0.0189,0.01837,0.01853,17336059.0
2024-12-23 16:00:00,0.01853,0.0189,0.01836,0.0188,15753344.0
2024-12-23 17:00:00,0.01881,0.01905,0.01871,0.01887,10836858.0
2024-12-23 18:00:00,0.01887,0.01892,0.01861,0.01862,4910766.0
2024-12-23 19:00:00,0.01863,0.01897,0.01862,0.01887,12195437.0
2024-12-23 20:00:00,0.01886,0.01949,0.01886,0.01943,18701612.0
2024-12-23 21:00:00,0.01947,0.01978,0.01945,0.01958,20166716.0
2024-12-23 22:00:00,0.01957,0.01988,0.0195,0.01985,8676462.0
2024-12-23 23:00:00,0.01987,0.01988,0.01957,0.01965,8222286.0
2024-12-24 00:00:00,0.01964,0.01964,0.01938,0.01954,7001410.0
2024-12-24 01:00:00,0.01953,0.01961,0.01919,0.0192,5284832.0
2024-12-24 02:00:00,0.01922,0.01931,0.01906,0.01923,6023384.0
2024-12-24 03:00:00,0.01924,0.01945,0.01924,0.01944,2599814.0
2024-12-24 04:00:00,0.01944,0.01949,0.01935,0.01949,3514632.0
2024-12-24 05:00:00,0.0195,0.01963,0.01945,0.01963,2985699.0
2024-12-24 06:00:00,0.01963,0.01964,0.01924,0.01924,6364285.0
2024-12-24 07:00:00,0.01926,0.01933,0.01916,0.01919,6140635.0
2024-12-24 08:00:00,0.0192,0.01934,0.01914,0.01929,10726763.0
2024-12-24 09:00:00,0.01928,0.01932,0.01908,0.01919,7362960.0
2024-12-24 10:00:00,0.01919,0.01922,0.01902,0.01912,11829122.0
2024-12-24 11:00:00,0.01913,0.0193,0.0191,0.01928,3955799.0
2024-12-24 12:00:00,0.01928,0.0193,0.01914,0.01921,3897062.0
2024-12-24 13:00:00,0.01922,0.01974,0.0192,0.01973,11619236.0
2024-12-24 14:00:00,0.01973,0.01985,0.01963,0.01981,20313667.0
2024-12-24 15:00:00,0.01982,0.02,0.0197,0.01986,11933881.0
2024-12-24 16:00:00,0.01986,0.01995,0.01974,0.01983,9697118.0
2024-12-24 17:00:00,0.01982,0.01991,0.01978,0.01985,4211499.0
2024-12-24 18:00:00,0.01986,0.02009,0.01986,0.02004,8379093.0
2024-12-24 19:00:00,0.02002,0.02005,0.01975,0.01977,10139658.0
2024-12-24 20:00:00,0.01976,0.01978,0.01953,0.01969,6031829.0
2024-12-24 21:00:00,0.01968,0.01994,0.01967,0.01992,3654056.0
2024-12-24 22:00:00,0.01991,0.01997,0.01985,0.01992,2904594.0
2024-12-24 23:00:00,0.01991,0.02,0.01987,0.01993,2390962.0
2024-12-25 00:00:00,0.01992,0.02001,0.01978,0.01992,5142751.0
2024-12-25 01:00:00,0.01992,0.02001,0.01984,0.01992,3224257.0
2024-12-25 02:00:00,0.01993,0.01994,0.01968,0.01981,10164092.0
2024-12-25 03:00:00,0.01982,0.01988,0.01965,0.01975,2828833.0
2024-12-25 04:00:00,0.01975,0.01993,0.01969,0.01982,3632903.0
2024-12-25 05:00:00,0.01981,0.01991,0.01977,0.01979,2787660.0
2024-12-25 06:00:00,0.01981,0.01991,0.01964,0.01967,2921235.0
2024-12-25 07:00:00,0.01967,0.01983,0.01956,0.0196,2886006.0
2024-12-25 08:00:00,0.01961,0.01972,0.01957,0.01968,4339269.0
2024-12-25 09:00:00,0.01968,0.01972,0.01956,0.01963,5825219.0
2024-12-25 10:00:00,0.01963,0.01999,0.0196,0.01973,10470382.0
2024-12-25 11:00:00,0.01974,0.0199,0.01945,0.01951,9133898.0
2024-12-25 12:00:00,0.01952,0.01967,0.01938,0.0196,6223279.0
2024-12-25 13:00:00,0.0196,0.0198,0.01957,0.01964,8714447.0
2024-12-25 14:00:00,0.01965,0.01981,0.01954,0.0197,8276669.0
2024-12-25 15:00:00,0.0197,0.0197,0.01938,0.0195,8018997.0
2024-12-25 16:00:00,0.01951,0.01957,0.01934,0.01952,6313276.0
2024-12-25 17:00:00,0.01953,0.01972,0.01949,0.01972,3744684.0
2024-12-25 18:00:00,0.01971,0.01985,0.01967,0.01978,3052210.0
2024-12-25 19:00:00,0.01978,0.01979,0.01962,0.0197,3641721.0
2024-12-25 20:00:00,0.01971,0.0198,0.01934,0.0194,9237724.0
2024-12-25 21:00:00,0.01942,0.01952,0.01922,0.01942,11951395.0
2024-12-25 22:00:00,0.0194,0.01951,0.01928,0.01939,3532409.0
2024-12-25 23:00:00,0.01938,0.01953,0.01938,0.01949,1901866.0
2024-12-26 00:00:00,0.0195,0.01968,0.01933,0.01942,3755995.0
2024-12-26 01:00:00,0.01941,0.01952,0.01922,0.01934,7843069.0
2024-12-26 02:00:00,0.01934,0.01938,0.01907,0.01909,5943603.0
2024-12-26 03:00:00,0.01914,0.01919,0.01904,0.01908,10812263.0
2024-12-26 04:00:00,0.01908,0.01912,0.0188,0.01912,21679127.0
2024-12-26 05:00:00,0.0191,0.01911,0.01881,0.01885,10421272.0
2024-12-26 06:00:00,0.01885,0.01892,0.01872,0.01884,6316003.0
2024-12-26 07:00:00,0.01885,0.01891,0.01872,0.01883,6397405.0
2024-12-26 08:00:00,0.01884,0.01887,0.01838,0.01867,13656657.0
2024-12-26 09:00:00,0.01867,0.01879,0.01865,0.01875,5994758.0
2024-12-26 10:00:00,0.01875,0.01876,0.01853,0.01855,8238667.0
2024-12-26 11:00:00,0.01856,0.0187,0.01854,0.01859,6773898.0
2024-12-26 12:00:00,0.01857,0.01866,0.01844,0.01859,5759312.0
2024-12-26 13:00:00,0.01858,0.01859,0.01819,0.0184,14711190.0
2024-12-26 14:00:00,0.0184,0.01875,0.01832,0.01873,34814194.0
2024-12-26 15:00:00,0.01873,0.01874,0.01839,0.01841,16588864.0
2024-12-26 16:00:00,0.0184,0.01884,0.01837,0.01874,22052874.0
2024-12-26 17:00:00,0.01875,0.01878,0.01837,0.01847,7189864.0
2024-12-26 18:00:00,0.01847,0.0186,0.01836,0.01852,5062586.0
2024-12-26 19:00:00,0.01854,0.01866,0.01848,0.01862,4849964.0
2024-12-26 20:00:00,0.01862,0.01862,0.0184,0.01846,11187777.0
2024-12-26 21:00:00,0.01847,0.01869,0.01828,0.01867,7191673.0
2024-12-26 22:00:00,0.01867,0.01901,0.01864,0.01886,15929373.0
2024-12-26 23:00:00,0.01886,0.01886,0.01856,0.01875,8091956.0
2024-12-27 00:00:00,0.01875,0.01906,0.01861,0.01906,13017323.0
2024-12-27 01:00:00,0.01902,0.01936,0.01892,0.01898,15559614.0
2024-12-27 02:00:00,0.01896,0.01906,0.01874,0.01882,5440229.0
2024-12-27 03:00:00,0.01883,0.01921,0.01882,0.01914,6956457.0
2024-12-27 04:00:00,0.01915,0.01935,0.01903,0.01905,10252223.0
2024-12-27 05:00:00,0.01911,0.01913,0.01892,0.01905,4363905.0
2024-12-27 06:00:00,0.01905,0.0215,0.01905,0.02124,162491973.0
2024-12-27 07:00:00,0.02124,0.0221,0.02076,0.02098,288115299.0
2024-12-27 08:00:00,0.02099,0.02174,0.02058,0.02105,131117601.0
2024-12-27 09:00:00,0.02106,0.02152,0.02081,0.02098,83466596.0
2024-12-27 10:00:00,0.02098,0.0215,0.02086,0.0212,55692996.0
2024-12-27 11:00:00,0.0212,0.02195,0.02116,0.02171,83787215.0
2024-12-27 12:00:00,0.0217,0.0223,0.02133,0.02184,144925632.0
2024-12-27 13:00:00,0.02183,0.02248,0.02141,0.02166,105173597.0
2024-12-27 14:00:00,0.02165,0.02165,0.02087,0.02087,50396087.0
2024-12-27 15:00:00,0.02089,0.02093,0.02019,0.0203,57256198.0
2024-12-27 16:00:00,0.02029,0.02067,0.02019,0.02054,39696161.0
2024-12-27 17:00:00,0.02054,0.02148,0.02049,0.02114,61215100.0
2024-12-27 18:00:00,0.02115,0.02134,0.02085,0.02089,30947486.0
2024-12-27 19:00:00,0.02089,0.0209,0.02058,0.02066,19443074.0
2024-12-27 20:00:00,0.02066,0.02078,0.02052,0.02067,20870483.0
2024-12-27 21:00:00,0.02067,0.02074,0.02034,0.02036,11113612.0
2024-12-27 22:00:00,0.02037,0.02055,0.02024,0.02046,12920703.0
2024-12-27 23:00:00,0.02046,0.02055,0.0203,0.02053,13389278.0
2024-12-28 00:00:00,0.02053,0.02064,0.01998,0.02046,49142201.0
2024-12-28 01:00:00,0.02048,0.02051,0.01994,0.02008,42866693.0
2024-12-28 02:00:00,0.02007,0.0202,0.01991,0.01992,11911404.0
2024-12-28 03:00:00,0.01993,0.02016,0.01992,0.02002,9860327.0
2024-12-28 04:00:00,0.02003,0.02012,0.01985,0.01987,8640170.0
2024-12-28 05:00:00,0.01988,0.02002,0.0198,0.01981,11224504.0
2024-12-28 06:00:00,0.01981,0.02001,0.01969,0.01975,11236777.0
2024-12-28 07:00:00,0.01976,0.01992,0.01976,0.0198,11737982.0
2024-12-28 08:00:00,0.01979,0.02024,0.01978,0.02019,20183279.0
2024-12-28 09:00:00,0.02018,0.02024,0.02003,0.02005,7137155.0
2024-12-28 10:00:00,0.02004,0.02009,0.01982,0.0199,19317172.0
2024-12-28 11:00:00,0.01988,0.02012,0.01988,0.0201,6792680.0
2024-12-28 12:00:00,0.0201,0.0201,0.01984,0.01987,9948890.0
2024-12-28 13:00:00,0.01986,0.02023,0.01986,0.0202,16524830.0
2024-12-28 14:00:00,0.02021,0.02057,0.02018,0.02026,16062815.0
2024-12-28 15:00:00,0.02028,0.02043,0.02027,0.02028,7472214.0
2024-12-28 16:00:00,0.02028,0.0205,0.02016,0.02049,10496497.0
2024-12-28 17:00:00,0.02048,0.02064,0.02044,0.02057,10242342.0
2024-12-28 18:00:00,0.02057,0.02061,0.02045,0.02049,6365744.0
2024-12-28 19:00:00,0.02052,0.02061,0.02051,0.02057,3148898.0
2024-12-28 20:00:00,0.02058,0.02061,0.02048,0.02049,4493327.0
2024-12-28 21:00:00,0.0205,0.02067,0.0204,0.02064,5153776.0
2024-12-28 22:00:00,0.02064,0.02081,0.0206,0.02073,3145322.0
2024-12-28 23:00:00,0.02073,0.02084,0.02066,0.02084,2439735.0
2024-12-29 00:00:00,0.02083,0.02104,0.02048,0.02056,15032430.0
2024-12-29 01:00:00,0.02057,0.02068,0.02035,0.0204,5932013.0
2024-12-29 02:00:00,0.0204,0.02059,0.02031,0.02049,5924878.0
2024-12-29 03:00:00,0.02049,0.0206,0.02041,0.0206,7350573.0
2024-12-29 04:00:00,0.0206,0.02067,0.02032,0.02038,4605376.0
2024-12-29 05:00:00,0.02039,0.02041,0.02029,0.02033,4410270.0
2024-12-29 06:00:00,0.02035,0.02053,0.02026,0.0205,5172468.0
2024-12-29 07:00:00,0.02049,0.02055,0.02039,0.02053,2443364.0
2024-12-29 08:00:00,0.02054,0.02065,0.02041,0.02043,6336758.0
2024-12-29 09:00:00,0.02044,0.0205,0.02033,0.02045,5880673.0
2024-12-29 10:00:00,0.02048,0.02059,0.02043,0.02044,7527569.0
2024-12-29 11:00:00,0.02047,0.02048,0.02033,0.02037,5965442.0
2024-12-29 12:00:00,0.02037,0.02041,0.02011,0.02016,9140106.0
2024-12-29 13:00:00,0.02016,0.02097,0.02005,0.02041,41564421.0
2024-12-29 14:00:00,0.02041,0.02074,0.02021,0.0203,16540087.0
2024-12-29 15:00:00,0.02031,0.0205,0.02006,0.02046,11203634.0
2024-12-29 16:00:00,0.02047,0.0209,0.02007,0.02009,50115390.0
2024-12-29 17:00:00,0.02009,0.02021,0.01994,0.02007,9085055.0
2024-12-29 18:00:00,0.02007,0.02017,0.01996,0.02002,4714104.0
2024-12-29 19:00:00,0.02002,0.02029,0.02002,0.0202,9095418.0
2024-12-29 20:00:00,0.02019,0.02019,0.01992,0.02006,6690336.0
2024-12-29 21:00:00,0.02006,0.02015,0.01994,0.02001,4992413.0
2024-12-29 22:00:00,0.02001,0.02001,0.01967,0.01985,6993010.0
2024-12-29 23:00:00,0.01986,0.0201,0.01977,0.02003,2733898.0
2024-12-30 00:00:00,0.02004,0.02029,0.01987,0.02015,4957142.0
2024-12-30 01:00:00,0.02017,0.02056,0.02017,0.02039,4842470.0
2024-12-30 02:00:00,0.02041,0.02046,0.02026,0.02041,2412619.0
2024-12-30 03:00:00,0.02041,0.02052,0.0203,0.02034,4402441.0
2024-12-30 04:00:00,0.02033,0.02043,0.02008,0.02008,3908171.0
2024-12-30 05:00:00,0.02007,0.02018,0.01994,0.02011,3824453.0
2024-12-30 06:00:00,0.02011,0.02036,0.02009,0.02028,4594878.0
2024-12-30 07:00:00,0.02028,0.0203,0.01994,0.02007,7729210.0
2024-12-30 08:00:00,0.02007,0.02025,0.01986,0.02002,8171833.0
2024-12-30 09:00:00,0.02001,0.02003,0.01981,0.01988,4911603.0
2024-12-30 10:00:00,0.0199,0.01993,0.01971,0.01974,6504106.0
2024-12-30 11:00:00,0.01974,0.01988,0.01962,0.01984,8136420.0
2024-12-30 12:00:00,0.01984,0.02006,0.01982,0.01987,9750537.0
2024-12-30 13:00:00,0.01989,0.01993,0.0191,0.01918,24920031.0
2024-12-30 14:00:00,0.01919,0.01938,0.019,0.01912,13991715.0
2024-12-30 15:00:00,0.01911,0.01932,0.019,0.01915,7361091.0
2024-12-30 16:00:00,0.01913,0.01949,0.01904,0.01919,23500992.0
2024-12-30 17:00:00,0.01921,0.01961,0.01918,0.0196,10157251.0
2024-12-30 18:00:00,0.0196,0.01992,0.0196,0.01992,11174159.0
2024-12-30 19:00:00,0.01993,0.02003,0.01981,0.01994,5788195.0
2024-12-30 20:00:00,0.01998,0.02021,0.01998,0.02008,8514536.0
2024-12-30 21:00:00,0.02008,0.02008,0.01935,0.01938,11648043.0
2024-12-30 22:00:00,0.01935,0.01968,0.01935,0.01954,4662728.0
2024-12-30 23:00:00,0.01953,0.01962,0.01944,0.0196,1752069.0
2024-12-31 00:00:00,0.0196,0.0196,0.01926,0.01927,3792968.0
2024-12-31 01:00:00,0.01928,0.01934,0.01912,0.01931,3313599.0
2024-12-31 02:00:00,0.01932,0.01946,0.01925,0.01939,2963814.0
2024-12-31 03:00:00,0.01939,0.01959,0.01926,0.01949,6909374.0
2024-12-31 04:00:00,0.01948,0.01968,0.01934,0.01935,3460712.0
2024-12-31 05:00:00,0.01936,0.01948,0.01918,0.01939,4136066.0
2024-12-31 06:00:00,0.0194,0.0196,0.01923,0.01936,6257195.0
2024-12-31 07:00:00,0.01937,0.01948,0.01934,0.01942,3456663.0
2024-12-31 08:00:00,0.01943,0.01993,0.01939,0.01975,11242025.0
2024-12-31 09:00:00,0.01974,0.01984,0.01967,0.01976,5748861.0
2024-12-31 10:00:00,0.01976,0.01984,0.01959,0.01982,8555318.0
2024-12-31 11:00:00,0.01981,0.01985,0.01974,0.01975,10512968.0
2024-12-31 12:00:00,0.01975,0.01978,0.01962,0.01962,10502420.0
2024-12-31 13:00:00,0.01961,0.02009,0.01961,0.02,11418375.0
2024-12-31 14:00:00,0.02,0.02016,0.01996,0.02003,10155508.0
2024-12-31 15:00:00,0.02004,0.02008,0.01984,0.01998,5063564.0
2024-12-31 16:00:00,0.01998,0.02011,0.01984,0.02002,5710382.0
2024-12-31 17:00:00,0.02002,0.02004,0.01942,0.01963,8516083.0
2024-12-31 18:00:00,0.01961,0.01982,0.01957,0.01969,5279465.0
2024-12-31 19:00:00,0.0197,0.01973,0.01959,0.01969,2969215.0
2024-12-31 20:00:00,0.01969,0.01975,0.01956,0.01962,1668793.0
2024-12-31 21:00:00,0.01962,0.01968,0.0195,0.0196,5198674.0
2024-12-31 22:00:00,0.0196,0.0196,0.01941,0.01944,2923913.0
2024-12-31 23:00:00,0.01945,0.01954,0.01939,0.01946,2096096.0
2025-01-01 00:00:00,0.01946,0.01975,0.01943,0.01975,4828704.0
2025-01-01 01:00:00,0.01975,0.01976,0.01954,0.01957,3015468.0
2025-01-01 02:00:00,0.01958,0.01971,0.01955,0.0197,1088371.0
2025-01-01 03:00:00,0.0197,0.0197,0.0195,0.01953,4617119.0
2025-01-01 04:00:00,0.01954,0.01956,0.0194,0.01946,3863826.0
2025-01-01 05:00:00,0.01946,0.01952,0.01939,0.01943,5230183.0
2025-01-01 06:00:00,0.01944,0.01949,0.01935,0.01949,2775602.0
2025-01-01 07:00:00,0.01949,0.01956,0.01947,0.01955,2107038.0
2025-01-01 08:00:00,0.01955,0.01956,0.01933,0.01937,5556096.0
2025-01-01 09:00:00,0.01937,0.01941,0.01922,0.01937,8018931.0
2025-01-01 10:00:00,0.01936,0.01945,0.01936,0.01939,4594802.0
2025-01-01 11:00:00,0.0194,0.01968,0.01931,0.01962,4882623.0
2025-01-01 12:00:00,0.01963,0.01975,0.01956,0.01974,4595837.0
2025-01-01 13:00:00,0.01973,0.0199,0.01961,0.0197,4507725.0
2025-01-01 14:00:00,0.0197,0.01983,0.01948,0.01968,4228890.0
2025-01-01 15:00:00,0.01969,0.01988,0.01961,0.01988,5303360.0
2025-01-01 16:00:00,0.01988,0.01993,0.01976,0.0198,4207794.0
2025-01-01 17:00:00,0.0198,0.0201,0.01966,0.01993,15412768.0
2025-01-01 18:00:00,0.01993,0.02027,0.01978,0.02006,19692871.0
2025-01-01 19:00:00,0.02007,0.02018,0.01992,0.0201,5263308.0
2025-01-01 20:00:00,0.0201,0.0204,0.0201,0.02039,6428697.0
2025-01-01 21:00:00,0.02039,0.02046,0.0202,0.02023,5157840.0
2025-01-01 22:00:00,0.02025,0.02026,0.02011,0.02023,2749155.0
2025-01-01 23:00:00,0.02021,0.02021,0.02008,0.02014,2158803.0
2025-01-02 00:00:00,0.02015,0.02044,0.02015,0.02038,10423442.0
2025-01-02 01:00:00,0.0204,0.0205,0.02023,0.02033,3976305.0
2025-01-02 02:00:00,0.02033,0.02038,0.02022,0.02033,2936976.0
2025-01-02 03:00:00,0.02035,0.02039,0.02026,0.02028,2851856.0
2025-01-02 04:00:00,0.02028,0.02053,0.02026,0.0205,4621992.0
2025-01-02 05:00:00,0.02048,0.02052,0.02034,0.02042,5711765.0
2025-01-02 06:00:00,0.02041,0.02045,0.02019,0.02037,6268035.0
2025-01-02 07:00:00,0.02037,0.02046,0.02034,0.02043,9290581.0
2025-01-02 08:00:00,0.02046,0.02051,0.02038,0.02045,5569531.0
2025-01-02 09:00:00,0.02045,0.02062,0.02043,0.02062,5797976.0
2025-01-02 10:00:00,0.02061,0.02062,0.02051,0.02051,6847889.0
2025-01-02 11:00:00,0.02052,0.02059,0.02037,0.02055,7766215.0
2025-01-02 12:00:00,0.02055,0.02085,0.0205,0.02075,15610226.0
2025-01-02 13:00:00,0.02076,0.02076,0.02048,0.02052,5064582.0
2025-01-02 14:00:00,0.02053,0.02083,0.02042,0.02063,11901133.0
2025-01-02 15:00:00,0.02063,0.02067,0.02037,0.02048,8304456.0
2025-01-02 16:00:00,0.02053,0.02072,0.02043,0.02068,4436837.0
2025-01-02 17:00:00,0.02067,0.02067,0.02034,0.0205,7033994.0
2025-01-02 18:00:00,0.02049,0.02082,0.02046,0.02082,5650283.0
2025-01-02 19:00:00,0.02082,0.02082,0.02043,0.02046,8105751.0
2025-01-02 20:00:00,0.02046,0.02062,0.02041,0.02048,3196431.0
2025-01-02 21:00:00,0.02049,0.02051,0.02037,0.02046,5409151.0
2025-01-02 22:00:00,0.02045,0.02047,0.02024,0.02044,4530939.0
2025-01-02 23:00:00,0.02043,0.02051,0.02024,0.02043,7134892.0
2025-01-03 00:00:00,0.02044,0.02059,0.0203,0.0204,14935032.0
2025-01-03 01:00:00,0.0204,0.02044,0.02026,0.02042,4670785.0
2025-01-03 02:00:00,0.02043,0.02054,0.02039,0.02041,7830469.0
2025-01-03 03:00:00,0.02042,0.02048,0.02033,0.02047,4727283.0
2025-01-03 04:00:00,0.02044,0.02044,0.02026,0.02029,2565818.0
2025-01-03 05:00:00,0.0203,0.02033,0.02017,0.02022,7855670.0
2025-01-03 06:00:00,0.02024,0.02034,0.02014,0.02023,8579273.0
2025-01-03 07:00:00,0.02023,0.02024,0.02001,0.02002,7128219.0
2025-01-03 08:00:00,0.02002,0.02016,0.02,0.02005,4784551.0
2025-01-03 09:00:00,0.02006,0.02038,0.02006,0.02029,10051359.0
2025-01-03 10:00:00,0.02027,0.02032,0.02009,0.02025,5173577.0
2025-01-03 11:00:00,0.02025,0.02053,0.02024,0.0205,7417592.0
2025-01-03 12:00:00,0.02049,0.02067,0.02046,0.02064,6891842.0
2025-01-03 13:00:00,0.02064,0.0207,0.02051,0.0206,11515762.0
2025-01-03 14:00:00,0.02061,0.02085,0.0206,0.0208,11005740.0
2025-01-03 15:00:00,0.02081,0.02094,0.02071,0.02092,7700205.0
2025-01-03 16:00:00,0.02093,0.02103,0.02088,0.02099,24840544.0
2025-01-03 17:00:00,0.021,0.02103,0.02072,0.02092,14068741.0
2025-01-03 18:00:00,0.02093,0.02106,0.0209,0.02097,9795758.0
2025-01-03 19:00:00,0.02098,0.02109,0.02096,0.02099,8247293.0
2025-01-03 20:00:00,0.021,0.02102,0.02085,0.02097,5589574.0
2025-01-03 21:00:00,0.02097,0.0211,0.02091,0.02108,8540910.0
2025-01-03 22:00:00,0.02106,0.02109,0.02093,0.02095,4678421.0
2025-01-03 23:00:00,0.02095,0.02105,0.02094,0.021,2803681.0
2025-01-04 00:00:00,0.021,0.0211,0.02077,0.0208,7452447.0
2025-01-04 01:00:00,0.02079,0.02087,0.02064,0.02086,4733077.0
2025-01-04 02:00:00,0.02086,0.02098,0.02078,0.02095,7160446.0
2025-01-04 03:00:00,0.02095,0.0211,0.02086,0.02106,3682539.0
2025-01-04 04:00:00,0.02105,0.02106,0.02077,0.02089,9775187.0
2025-01-04 05:00:00,0.02088,0.02092,0.02079,0.02082,2360317.0
2025-01-04 06:00:00,0.02082,0.02099,0.0208,0.02095,6380377.0
2025-01-04 07:00:00,0.02094,0.02111,0.0209,0.02098,4225822.0
2025-01-04 08:00:00,0.02099,0.021,0.02067,0.02069,8578968.0
2025-01-04 09:00:00,0.02072,0.02085,0.02069,0.02078,2299174.0
2025-01-04 10:00:00,0.02078,0.02079,0.02056,0.02073,5729622.0
2025-01-04 11:00:00,0.02073,0.02076,0.02061,0.02073,2439909.0
2025-01-04 12:00:00,0.02074,0.02098,0.02069,0.02097,6308450.0
2025-01-04 13:00:00,0.02096,0.02104,0.02085,0.021,5553095.0
2025-01-04 14:00:00,0.021,0.02108,0.02086,0.02102,4841656.0
2025-01-04 15:00:00,0.02103,0.0211,0.02052,0.0206,7921692.0
2025-01-04 16:00:00,0.02065,0.02078,0.0206,0.02068,6822333.0
2025-01-04 17:00:00,0.02069,0.02082,0.02066,0.02082,5135833.0
2025-01-04 18:00:00,0.02083,0.02089,0.02071,0.02075,4266231.0
2025-01-04 19:00:00,0.02075,0.02084,0.02071,0.02078,2659739.0
2025-01-04 20:00:00,0.02078,0.0209,0.02076,0.02088,3825512.0
2025-01-04 21:00:00,0.02087,0.0209,0.02076,0.02077,3474627.0
2025-01-04 22:00:00,0.02077,0.02087,0.0207,0.02086,3111593.0
2025-01-04 23:00:00,0.02083,0.02089,0.02081,0.02081,2623525.0
2025-01-05 00:00:00,0.0208,0.02085,0.02071,0.02073,3466568.0
2025-01-05 01:00:00,0.02073,0.02074,0.02054,0.02062,5383139.0
2025-01-05 02:00:00,0.02062,0.02066,0.02057,0.02066,2429096.0
2025-01-05 03:00:00,0.02066,0.02066,0.0206,0.02064,2117607.0
2025-01-05 04:00:00,0.02064,0.02074,0.02064,0.02071,3861236.0
2025-01-05 05:00:00,0.02071,0.02071,0.02061,0.02063,3779378.0
2025-01-05 06:00:00,0.02063,0.02076,0.0206,0.02075,2217137.0
2025-01-05 07:00:00,0.02076,0.02083,0.02073,0.02079,3714449.0
2025-01-05 08:00:00,0.02078,0.02082,0.02054,0.02075,5134013.0
2025-01-05 09:00:00,0.02076,0.02082,0.02054,0.02056,3581938.0
2025-01-05 10:00:00,0.02059,0.0207,0.02052,0.02068,3991369.0
2025-01-05 11:00:00,0.02068,0.02091,0.02066,0.02091,4481969.0
2025-01-05 12:00:00,0.02091,0.02143,0.0209,0.02135,53764604.0
2025-01-05 13:00:00,0.02135,0.02135,0.02094,0.02096,17834263.0
2025-01-05 14:00:00,0.02096,0.02111,0.02086,0.02098,14758134.0
2025-01-05 15:00:00,0.02098,0.02111,0.02082,0.02102,12521094.0
2025-01-05 16:00:00,0.02105,0.02161,0.02105,0.0214,36447120.0
2025-01-05 17:00:00,0.02141,0.02299,0.02127,0.02288,143582122.0
2025-01-05 18:00:00,0.02286,0.0229,0.02214,0.02247,92291294.0
2025-01-05 19:00:00,0.02246,0.02258,0.02172,0.02187,54076872.0
2025-01-05 20:00:00,0.02187,0.022,0.02166,0.02189,23642088.0
2025-01-05 21:00:00,0.0219,0.02191,0.02164,0.02177,14733793.0
2025-01-05 22:00:00,0.02176,0.02182,0.0215,0.0216,17132465.0
2025-01-05 23:00:00,0.02158,0.02176,0.02154,0.02163,8695502.0
2025-01-06 00:00:00,0.02164,0.02166,0.02122,0.02123,13671927.0
2025-01-06 01:00:00,0.02124,0.02154,0.02113,0.02144,11749220.0
2025-01-06 02:00:00,0.02143,0.02171,0.0214,0.02167,11098072.0
2025-01-06 03:00:00,0.02166,0.02174,0.02155,0.02159,4259572.0
2025-01-06 04:00:00,0.02164,0.02165,0.02144,0.02157,8847431.0
2025-01-06 05:00:00,0.02157,0.02164,0.02144,0.02145,5676186.0
2025-01-06 06:00:00,0.02146,0.0215,0.02133,0.02139,8682029.0
2025-01-06 07:00:00,0.0214,0.02153,0.02126,0.02141,9024517.0
2025-01-06 08:00:00,0.0214,0.02147,0.0212,0.02127,6487981.0
2025-01-06 09:00:00,0.02127,0.02151,0.02123,0.02132,11484940.0
2025-01-06 10:00:00,0.02132,0.02135,0.02117,0.02127,4907953.0
2025-01-06 11:00:00,0.02128,0.02148,0.02125,0.02148,7052976.0
2025-01-06 12:00:00,0.02148,0.02149,0.02121,0.02124,6495482.0
2025-01-06 13:00:00,0.02124,0.02134,0.02108,0.0213,6299773.0
2025-01-06 14:00:00,0.0213,0.02148,0.02102,0.02138,9937374.0
2025-01-06 15:00:00,0.0214,0.02155,0.02134,0.02151,9529464.0
2025-01-06 16:00:00,0.02152,0.02198,0.02146,0.02155,17339134.0
2025-01-06 17:00:00,0.02155,0.02156,0.02125,0.02149,6906722.0
2025-01-06 18:00:00,0.0215,0.02157,0.0214,0.02144,3166953.0
2025-01-06 19:00:00,0.02145,0.0216,0.02139,0.02155,5384144.0
2025-01-06 20:00:00,0.02155,0.0216,0.02154,0.02157,1403213.0
